epoch,Sorensen_Dice_coef,loss,negative_precision,precision,recall,val_Sorensen_Dice_coef,val_loss,val_negative_precision,val_precision,val_recall
0,0.2177325040102005,1.3722978830337524,0.8537871241569519,0.1897493600845337,0.5758069753646851,0.1905581206083297,0.9744190573692322,0.8356134295463562,0.1656447201967239,0.5486449599266052
1,0.239548921585083,0.8793492913246155,0.8605951070785522,0.2142325192689895,0.4833607673645019,0.1634814888238906,0.9237263202667236,0.8356819748878479,0.1687391549348831,0.1723257899284362
2,0.2569217681884765,0.8133489489555359,0.8598127961158752,0.237648531794548,0.4084648191928863,0.1801146417856216,0.8919315934181213,0.8389448523521423,0.1807535737752914,0.2040157169103622
3,0.2705124020576477,0.7866366505622864,0.8604073524475098,0.256608098745346,0.3735884726047516,0.1293831318616867,0.9228841066360474,0.8366098403930664,0.1895849704742431,0.0663060918450355
4,0.2826681435108185,0.7704222202301025,0.857872486114502,0.2797913551330566,0.316200852394104,0.1915776580572128,0.857654333114624,0.8465977311134338,0.2090758234262466,0.2069157361984253
5,0.2986087501049042,0.7608411312103271,0.8602913618087769,0.3006367683410644,0.3200052976608276,0.1896450966596603,0.8693132400512695,0.8617097735404968,0.275206059217453,0.299191266298294
6,0.3049822449684143,0.745537281036377,0.8592844009399414,0.312875747680664,0.2995378077030182,0.0864034295082092,0.980958878993988,0.8369442820549011,0.2734971344470978,0.0258356090635061
7,0.3105899691581726,0.7447933554649353,0.8595823049545288,0.3202337324619293,0.2969853281974792,0.2227982282638549,0.8257161378860474,0.8746285438537598,0.3417298793792724,0.3889318406581878
8,0.3145114183425903,0.7350034713745117,0.8582075238227844,0.3317568898200989,0.2799271047115326,0.0062977201305329,1.036893606185913,0.8350364565849304,0.2550545036792755,0.0012970990501344
9,0.3171817362308502,0.7386073470115662,0.8574893474578857,0.3398454785346985,0.2695784270763397,0.1650069802999496,0.8966353535652161,0.8425650596618652,0.3678905069828033,0.0775967761874198
10,0.3134452700614929,0.7336155772209167,0.8588647842407227,0.3291329741477966,0.2864447832107544,0.1571376025676727,0.8870140314102173,0.8422536849975586,0.3657790124416351,0.0823367461562156
11,0.3173717856407165,0.7251374125480652,0.8592110276222229,0.336255818605423,0.2791979014873504,0.1735322922468185,0.8872292041778564,0.8449956774711609,0.3864410817623138,0.1108505725860595
12,0.3190629780292511,0.7357057332992554,0.8627627491950989,0.3251749277114868,0.3252721428871155,0.1872105002403259,0.8627331256866455,0.8461902141571045,0.220392033457756,0.2591896057128906
13,0.3251911103725433,0.7232341766357422,0.8627086877822876,0.3362448215484619,0.3131580352783203,0.1439446359872818,0.9057384133338928,0.8431012034416199,0.3021840751171112,0.08606618642807
14,0.3313698470592499,0.7218875885009766,0.8600443601608276,0.3543682992458343,0.2832040190696716,0.2379548549652099,0.8038831949234009,0.9115324020385742,0.2279704362154007,0.7336614727973938
15,0.3276073336601257,0.7175793647766113,0.8596487045288086,0.3494495153427124,0.2829038202762604,0.0356208719313144,1.015125751495361,0.8349754214286804,0.1715052872896194,0.0090343812480568
16,0.3339250981807709,0.7219024300575256,0.8621833920478821,0.3538659512996673,0.2927406728267669,0.1011739298701286,0.9451079368591307,0.8380131125450134,0.323556512594223,0.03615178540349
17,0.3348170816898346,0.7130905985832214,0.8605257272720337,0.3595242500305176,0.2804573476314544,1.7595624512978247e-06,1.0521396398544312,0.8349192142486572,0.2671486735343933,3.519148776831571e-07
18,0.3398313820362091,0.7075465321540833,0.8615440130233765,0.3626492321491241,0.2933548390865326,0.1789412945508957,0.85892254114151,0.8448329567909241,0.4333909451961517,0.0986320078372955
19,0.3207537829875946,0.7282971739768982,0.8589990735054016,0.3428315818309784,0.2747742831707001,0.1915063858032226,0.861868679523468,0.845879316329956,0.4389213621616363,0.1006456017494201
20,0.3341867625713348,0.7115147113800049,0.8604432344436646,0.358029156923294,0.2816912233829498,9.409302583662792e-05,1.0520068407058716,0.8349198698997498,0.2083196640014648,1.8827819076250307e-05
21,0.3416655957698822,0.7087290287017822,0.8606875538825989,0.3719664812088012,0.2789388000965118,0.1309782713651657,0.9153195023536682,0.839604377746582,0.377911776304245,0.048400804400444
22,0.3255098462104797,0.730228841304779,0.8584648966789246,0.3511153161525726,0.2796142101287842,0.2230861932039261,0.8337932229042053,0.8672301173210144,0.3391288220882416,0.311115950345993
23,0.3390977084636688,0.7110031247138977,0.8598018288612366,0.3708969950675964,0.2737525403499603,0.0985933542251586,0.9574319124221802,0.8372694849967957,0.2491684705018997,0.0467166602611541
24,0.334531307220459,0.7522081136703491,0.859653115272522,0.3630115091800689,0.2756707668304443,0.0312197636812925,1.0358806848526,0.8358548283576965,0.2928763628005981,0.0074927792884409
25,0.3473509550094604,0.7147132754325867,0.8604528307914734,0.3808993399143219,0.274163007736206,0.0548874624073505,1.0117061138153076,0.8361706733703613,0.3592013120651245,0.0139073440805077
26,0.3415221273899078,0.7144904136657715,0.8600783348083496,0.3738670349121094,0.2737393975257873,0.0036909710615873,1.0450176000595093,0.8350247740745544,0.2592440545558929,0.0007622320554219
27,0.3515859246253967,0.6957291960716248,0.8623677492141724,0.380879670381546,0.2890910506248474,0.0135303484275937,1.0359443426132202,0.835275411605835,0.3157934844493866,0.0029115441720932
28,0.3469523191452026,0.7039958834648132,0.8620746731758118,0.3775452971458435,0.2883444428443908,4.310299573262455e-06,1.0511753559112549,0.8349192142486572,0.1914266943931579,8.620679636806017e-07
29,0.3569963574409485,0.6921424865722656,0.8627601265907288,0.3909222781658172,0.2831368446350097,0.0039261635392904,1.0411365032196045,0.8350213170051575,0.2656086087226867,0.0008122527506202
30,0.3548990786075592,0.7047300338745117,0.8599719405174255,0.4064159095287323,0.2573987543582916,0.174129843711853,0.8727133870124817,0.8441944122314453,0.3348746001720428,0.083344928920269
31,0.3612246215343475,0.6890461444854736,0.8624982833862305,0.3987182080745697,0.283043771982193,0.019602907821536,1.0378365516662598,0.8350486755371094,0.1976322531700134,0.0042856708168983
32,0.365473985671997,0.6976752877235413,0.860903799533844,0.4139466285705566,0.2680042684078216,0.0093661248683929,1.0492677688598633,0.8351810574531555,0.3032414615154266,0.0019747901242226
33,0.3681651055812835,0.6842347979545593,0.8622392416000366,0.4138409197330475,0.2750290334224701,0.1377948969602584,0.9138168692588806,0.8412227630615234,0.3909055888652801,0.0560637526214122
34,0.3512754440307617,0.7015491127967834,0.8601769208908081,0.3994336426258087,0.2587171196937561,0.0065005179494619,1.048895001411438,0.8350945115089417,0.3344968557357788,0.0013460371410474
35,0.3576495349407196,0.7015380263328552,0.8582736253738403,0.4159474372863769,0.2468981295824051,0.1970393508672714,0.8663499355316162,1.0,0.1650808751583099,1.0
36,0.3654155135154724,0.6979397535324097,0.8614747524261475,0.4150547087192535,0.2682732939720154,0.2236046195030212,0.8356690406799316,0.8522324562072754,0.3875947892665863,0.1552328616380691
37,0.3753466606140136,0.6852830648422241,0.8628450632095337,0.4238550066947937,0.2772979140281677,1.6102780567295305e-11,1.0682449340820312,0.8349191546440125,1.0,3.212556739726203e-12
38,0.3706246018409729,0.6872153878211975,0.8606044054031372,0.4274068176746368,0.2564709186553955,0.000224384755711,1.0502935647964478,0.8349226117134094,0.2580471932888031,4.491969230002724e-05
39,0.3794791996479034,0.6767072677612305,0.862737774848938,0.4314833879470825,0.2753643095493316,0.0096270870417356,1.0460262298583984,0.8351898789405823,0.2690430879592895,0.0021103208418935
40,0.3672475516796112,0.693504810333252,0.8598148822784424,0.4265828430652618,0.2539335489273071,0.1293986439704895,0.943998396396637,0.8357120156288147,0.1764091402292251,0.0678886845707893
41,0.3750694692134857,0.6894699335098267,0.8614098429679871,0.4349831342697143,0.2646802067756653,0.1756888180971145,0.8833866715431213,0.8456876873970032,0.448824793100357,0.0802810788154602
42,0.3680000901222229,0.6923553347587585,0.8603277802467346,0.4257785081863403,0.2576687037944793,0.0136632388457655,1.0421841144561768,0.8353109955787659,0.300129622220993,0.002975333482027
43,0.3689134418964386,0.6828333139419556,0.8606730699539185,0.426900565624237,0.2573103606700897,7.57244270062074e-05,1.0569381713867188,0.8349197506904602,0.2072420120239257,1.51507529153605e-05
44,0.3782843053340912,0.6823128461837769,0.8605585694313049,0.4427054822444916,0.2572645843029022,0.0198683869093656,1.030828595161438,0.8355865478515625,0.3164116442203522,0.0047115720808506
45,0.3843331038951874,0.6704330444335938,0.8633760809898376,0.4402906000614166,0.2761370539665222,0.0360002927482128,1.032883644104004,0.8361595273017883,0.3791534006595611,0.0085955550894141
46,0.3682989776134491,0.690441906452179,0.8627144694328308,0.4112445116043091,0.277927964925766,0.0828921422362327,0.96930992603302,0.8376152515411377,0.381103515625,0.0237370580434799
47,0.378790944814682,0.675697386264801,0.8620802760124207,0.4364728033542633,0.2660918533802032,0.1931624412536621,0.8615627884864807,0.834871768951416,0.1685859113931656,0.5699475407600403
48,0.3867826759815216,0.6735957860946655,0.8622653484344482,0.4463196396827698,0.2680236399173736,0.1325778365135193,0.9177671670913696,0.84043949842453,0.4526840150356293,0.0469927825033664
49,0.3806550502777099,0.6793674826622009,0.8623085021972656,0.4364081919193268,0.2699214220046997,0.1242188587784767,0.9261226058006288,0.8395623564720154,0.394629955291748,0.0448874048888683
50,0.3769822120666504,0.682789146900177,0.8617882132530212,0.433341920375824,0.265598714351654,0.1988036632537841,0.8617478013038635,0.8474550843238831,0.1686780899763107,0.7986481785774231
51,0.3813052177429199,0.6925298571586609,0.8625388145446777,0.4417970180511474,0.265140563249588,0.2910757958889007,0.769436240196228,0.8825508952140808,0.4078770577907562,0.3909626305103302
52,0.3746186196804046,0.6810026168823242,0.8623512387275696,0.4246605932712555,0.2743074595928192,0.1195167675614357,0.9292852878570556,0.8394504189491272,0.4138851165771484,0.0362366326153278
53,0.3821918666362762,0.6746127605438232,0.8628396987915039,0.4359869360923767,0.2781956493854522,0.0099123790860176,1.0490556955337524,0.8352338671684265,0.3111154735088348,0.0021575682330876
54,0.3814998865127563,0.6721057295799255,0.8638424873352051,0.4305163919925689,0.2855899930000305,0.0056360382586717,1.0464757680892944,0.8350051045417786,0.3154127299785614,0.0011810468276962
55,0.3718501627445221,0.6809805035591125,0.8620237708091736,0.4269044995307922,0.2667905688285827,0.1971586793661117,0.8597064018249512,0.8486927151679993,0.1652866452932357,0.9870807528495787
56,0.3876481354236603,0.6743640303611755,0.8635481595993042,0.4442639350891113,0.279884934425354,0.1006466522812843,0.956562638282776,0.8390185832977295,0.3758273422718048,0.031038487330079
57,0.3778076171875,0.6795174479484558,0.8612428903579712,0.4370051324367523,0.2624182105064392,0.2329239100217819,0.8222652673721313,0.8516480326652527,0.519726574420929,0.129737377166748
58,0.3917281925678253,0.6611154079437256,0.8639603853225708,0.4499333798885345,0.2800700962543487,0.0213685762137174,1.029868245124817,0.8356631398200989,0.3922617435455322,0.0053470786660909
59,0.3824981153011322,0.6814976930618286,0.8609960675239563,0.4544110000133514,0.2517712712287903,5.160568889550632e-06,1.0589580535888672,0.8349192142486572,0.2463242560625076,1.0321383570044418e-06
60,0.388272762298584,0.6679452061653137,0.8623946905136108,0.4576963186264038,0.2595938444137573,5.8386180171510205e-05,1.0547901391983032,0.8349196910858154,0.2255855798721313,1.168058497569291e-05
61,0.388899952173233,0.6665226817131042,0.8626656532287598,0.4491694867610931,0.2711087763309479,0.2373665422201156,0.8168344497680664,0.8515805602073669,0.514374315738678,0.1320271641016006
62,0.3992770910263061,0.6570581793785095,0.8628503680229187,0.466575026512146,0.2714411616325378,0.1195611134171485,0.9343920946121216,0.8397679328918457,0.4234066903591156,0.0390423201024532
63,0.4024494588375091,0.653840184211731,0.8645713329315186,0.4695127308368683,0.2788797914981842,0.1139535903930664,0.940138041973114,0.8387454152107239,0.3640398979187011,0.035118781030178
64,0.4043523371219635,0.6487637758255005,0.8618263602256775,0.4910631477832794,0.2546993196010589,0.014015226624906,1.0390843152999878,0.8353474736213684,0.3889459669589996,0.0031429855152964
65,0.3970521688461303,0.656024694442749,0.8629904389381409,0.4686951637268066,0.2656522095203399,0.0395845845341682,1.0148017406463623,0.8363721966743469,0.4734960496425628,0.0093556754291057
66,0.3820125758647918,0.6730629205703735,0.8623075485229492,0.442460149526596,0.2651653289794922,0.1979344487190246,0.8567185997962952,0.8445770740509033,0.1661198437213897,0.9738066792488098
67,0.3811530172824859,0.6763261556625366,0.8616198897361755,0.4469988644123077,0.2586681842803955,0.1778284162282943,0.8815364837646484,0.8421003818511963,0.1882415860891342,0.364870548248291
68,0.4009196758270263,0.6654771566390991,0.8627546429634094,0.4727143347263336,0.2664763033390045,0.1084483861923217,0.9667049050331116,0.8384842872619629,0.4200948476791382,0.0338303297758102
69,0.3996313512325287,0.664555549621582,0.8630963563919067,0.4704601168632507,0.2668608129024505,0.041358683258295,1.0163686275482178,0.8358270525932312,0.3070785999298095,0.0102443983778357
70,0.3892419338226318,0.665672779083252,0.86247318983078,0.4576553404331207,0.2625102996826172,0.1815737634897232,0.874372661113739,0.8445799350738525,0.5048388838768005,0.0748104155063629
71,0.4053621590137481,0.6507394909858704,0.8650339841842651,0.4709706008434295,0.2821096181869507,5.117914406582713e-05,1.053999662399292,0.8349197506904602,0.2531909644603729,1.023809363687178e-05
72,0.396652340888977,0.66624915599823,0.8635016679763794,0.462094783782959,0.2707436084747314,6.338140519801527e-05,1.0550376176834106,0.8349199295043945,0.2958774268627167,1.26808081404306e-05
73,0.4047316610813141,0.6533492207527161,0.8626922369003296,0.4858500361442566,0.2611731886863708,3.49711517628748e-05,1.0557875633239746,0.8349194526672363,0.2084415107965469,6.995537205511937e-06
74,0.394155353307724,0.66391921043396,0.8636637926101685,0.4547808170318603,0.2762063145637512,0.1659042686223983,0.9122681021690368,0.8345586657524109,0.1635747104883194,0.1961732059717178
75,0.4038777351379394,0.6564969420433044,0.8633484840393066,0.4746782481670379,0.2700351774692535,0.0374328009784221,1.0186583995819092,0.8361046314239502,0.3880489766597748,0.009287285618484
76,0.3910508453845978,0.670830249786377,0.862484335899353,0.4522789418697357,0.2699764668941498,0.0293311476707458,1.0339581966400146,0.8357527256011963,0.3438259661197662,0.0068049095571041
77,0.4060498774051666,0.6547479629516602,0.8647755980491638,0.4667715430259704,0.2830172777175903,0.0074734091758728,1.0471493005752563,0.8351406455039978,0.3912590742111206,0.0015360791003331
78,0.3968209326267242,0.6611998081207275,0.861729621887207,0.4780030250549316,0.254895806312561,2.8422653485904448e-05,1.057850956916809,0.8349194526672363,0.2045122236013412,5.685586074832827e-06
79,0.4095397591590881,0.6489765644073486,0.8633161783218384,0.4905808568000793,0.2651403248310089,0.0815848186612129,0.9831580519676208,0.8379958271980286,0.4595732688903808,0.0223629623651504
80,0.4074409306049347,0.6516773104667664,0.8649768829345703,0.4743016958236694,0.2808317840099334,0.1209861859679222,0.9349961280822754,0.8339143395423889,0.1534821689128875,0.075249396264553
81,0.4062088429927826,0.6557644605636597,0.8650946021080017,0.4702735245227813,0.2817507684230804,0.3591618537902832,0.7073683142662048,0.8887519836425781,0.370808869600296,0.4272890388965606
82,0.4206361770629883,0.6408379077911377,0.864246666431427,0.5050904154777527,0.2687633335590362,0.2116642594337463,0.8585829734802246,0.8534042835235596,0.186955988407135,0.5104761719703674
83,0.4004165232181549,0.6579892635345459,0.8614817261695862,0.485299289226532,0.252608448266983,0.1896970123052597,0.8647317886352539,0.8453548550605774,0.4204165637493133,0.0819457322359085
84,0.4075759351253509,0.6497214436531067,0.8642873764038086,0.4774649441242218,0.276936262845993,0.3506593704223633,0.7007492780685425,0.8850805163383484,0.3493576943874359,0.4039868414402008
85,0.4085884988307953,0.6476558446884155,0.8632734417915344,0.4927114248275757,0.2622017860412597,0.0022235678043216,1.052065134048462,0.8348627686500549,0.2728562653064728,0.0004566899442579
86,0.398155927658081,0.6572173833847046,0.8640365600585938,0.4626390635967254,0.2750758826732635,0.25750532746315,0.8064702153205872,0.871615469455719,0.4276244640350342,0.2916508913040161
87,0.4094765186309814,0.648539662361145,0.8634760975837708,0.4898101389408111,0.2679027020931244,0.1091120764613151,0.9516525268554688,0.8400045037269592,0.5232515931129456,0.0367188490927219
88,0.4002266824245453,0.6634644269943237,0.8634359836578369,0.4758479595184326,0.267503410577774,0.0499137081205844,1.0054265260696411,0.8365201354026794,0.3877811729907989,0.011969962157309
89,0.4093152582645416,0.6503444910049438,0.8632309436798096,0.4868258833885193,0.2656345665454864,0.0003817973192781,1.0624388456344604,0.8349284529685974,0.3896391689777374,7.650348561583087e-05
90,0.403960645198822,0.6544198989868164,0.8639932870864868,0.4762069582939148,0.2695316076278686,0.0610804446041584,0.9982926845550536,0.8368993401527405,0.4453792572021484,0.0151858916506171
91,0.4123431146144867,0.648857057094574,0.8637729287147522,0.4884076714515686,0.2711421549320221,0.0568255372345447,0.9937428832054138,0.8373942375183105,0.5017641186714172,0.0146200628951191
92,0.4142426252365112,0.6407126188278198,0.8639690279960632,0.4951134324073791,0.2685222923755646,4.0203147364081815e-05,1.0586453676223757,0.8349197506904602,0.2681593000888824,8.04203318693908e-06
93,0.4078823029994964,0.6495299935340881,0.8652464747428894,0.4755356907844543,0.2792104184627533,1.873021210485604e-05,1.0549211502075195,0.8349193930625916,0.2510839402675628,3.746412630789564e-06
94,0.4183483719825744,0.6386400461196899,0.8646644353866577,0.4967645406723022,0.2767612040042877,0.3384385108947754,0.7134819626808167,0.898938000202179,0.4501978158950805,0.4818033874034881
95,0.4164104759693146,0.6380086541175842,0.8666304349899292,0.4799462556838989,0.2933871746063232,0.2320547699928283,0.8183203935623169,0.8506121635437012,0.5479634404182434,0.1062762737274169
96,0.4016351997852325,0.6572815775871277,0.8610522747039795,0.4981064796447754,0.243084967136383,0.2479235380887985,0.8269925713539124,0.8602395057678223,0.4089184999465942,0.1970858573913574
97,0.4087503850460052,0.6506635546684265,0.8630883693695068,0.4886344969272613,0.2636049687862396,0.2556827366352081,0.8049680590629578,0.8737344145774841,0.4159612953662872,0.3296495676040649
98,0.4235869646072387,0.6411852240562439,0.8648071885108948,0.5034676194190979,0.2759826183319092,0.1134243682026863,0.943999171257019,0.8395822644233704,0.529495120048523,0.0330669321119785
99,0.4065742492675781,0.652032732963562,0.8640945553779602,0.4770222306251526,0.2734452784061432,0.0345164984464645,1.0205926895141602,0.8364688754081726,0.5065204501152039,0.0085997078567743
100,0.4249616861343384,0.6263276934623718,0.8680160641670227,0.4898918569087982,0.2937433123588562,0.0009210552670992,1.0469093322753906,0.8349065780639648,0.2868140041828155,0.0001860646880231
101,0.4473449885845184,0.5989512801170349,0.8684822916984558,0.529147744178772,0.2947295308113098,0.032159574329853,1.0118318796157837,0.8362674713134766,0.4876440465450287,0.0078279385343194
102,0.4423488974571228,0.6031638979911804,0.8660995364189148,0.5343166589736938,0.2787458002567291,0.0576762557029724,0.9859647154808044,0.8375170826911926,0.423797458410263,0.0158871673047542
103,0.4338167905807495,0.6116203665733337,0.8660462498664856,0.522030770778656,0.2744911015033722,0.0256532747298479,1.0169246196746826,0.836041271686554,0.4365900456905365,0.0063502215780317
104,0.4461818039417267,0.5983133316040039,0.8656867146492004,0.5438913702964783,0.2757557034492492,0.0034434848930686,1.0411033630371094,0.8350324630737305,0.2642229199409485,0.0007120244554243
105,0.4450445473194122,0.59859699010849,0.866593062877655,0.5377597212791443,0.2802481353282928,0.1165149435400962,0.9215421080589294,0.8402178883552551,0.5267288684844971,0.0368224456906318
106,0.4387055933475494,0.604930579662323,0.8656861186027527,0.5290683507919312,0.276110827922821,0.214235246181488,0.8266935348510742,0.8484852910041809,0.5356467366218567,0.0917504727840423
107,0.438178151845932,0.6045783162117004,0.8666911125183105,0.5230364203453064,0.2839534282684326,0.0005540327401831,1.041823387145996,0.8349397778511047,0.3174557387828827,0.0001113251128117
108,0.4597328603267669,0.5824763774871826,0.8679116368293762,0.5536835789680481,0.2888942062854767,0.1520435363054275,0.8815255761146545,0.8432795405387878,0.5610052347183228,0.0523911565542221
109,0.4414118230342865,0.5999706387519836,0.8676023483276367,0.5221932530403137,0.2916567623615265,0.3069222867488861,0.7357736229896545,0.8591774106025696,0.6026393175125122,0.1684470176696777
110,0.4494964182376861,0.592077910900116,0.8664843440055847,0.5470564365386963,0.2793464660644531,0.0292300526052713,1.0103191137313845,0.8362318873405457,0.3063049018383026,0.0074173919856548
111,0.4415068626403808,0.5995737910270691,0.8677473068237305,0.5233935117721558,0.2888835370540619,0.1186358258128166,0.9189171195030212,0.8406886458396912,0.5703200101852417,0.0352354645729064
112,0.4502319693565368,0.5910601019859314,0.8677865266799927,0.5414385199546814,0.2875018119812011,0.2077760696411132,0.8257833123207092,0.8480146527290344,0.5016657114028931,0.0888795480132103
113,0.45038902759552,0.5910120606422424,0.8668461441993713,0.5472405552864075,0.2842429280281067,0.0800135061144828,0.9567185640335084,0.8389804363250732,0.5456981062889099,0.0229963976889848
114,0.4532493054866791,0.58738112449646,0.866937518119812,0.5494216084480286,0.2832682430744171,0.2274838238954544,0.8059186935424805,0.8491861820220947,0.5389693379402161,0.0962388589978218
115,0.4543336033821106,0.5873305201530457,0.8677068948745728,0.5481030344963074,0.2864660024642944,0.0625082924962043,0.9783413410186768,0.8376196026802063,0.4734894931316376,0.01649777777493
116,0.4540459513664245,0.587037980556488,0.8680456876754761,0.5507450699806213,0.2883841693401336,0.0186672564595937,1.0203239917755127,0.8358173966407776,0.3282049596309662,0.0046053482219576
117,0.4553366303443908,0.5847762227058411,0.8681768178939819,0.5460659265518188,0.2913568913936615,0.0705919340252876,0.9657352566719056,0.8377283215522766,0.4162790775299072,0.0185278691351413
118,0.4546958804130554,0.5861591696739197,0.8691039085388184,0.535606324672699,0.3018131554126739,0.0607073158025741,0.9762544631958008,0.8376867771148682,0.3978061974048614,0.0166946183890104
119,0.4560518860816955,0.5845641493797302,0.869113028049469,0.5404324531555176,0.2995973229408264,0.2395453304052353,0.7907729744911194,0.849221408367157,0.6378505229949951,0.1011698469519615
120,0.4512018263339996,0.5886386036872864,0.8664310574531555,0.5512346625328064,0.2780325412750244,0.1221692562103271,0.911712884902954,0.8410313725471497,0.5335901975631714,0.0380399115383625
121,0.4582876563072204,0.5807909369468689,0.8669430613517761,0.5624999403953552,0.2806112170219421,0.0066609811037778,1.032130002975464,0.8351390957832336,0.3310573399066925,0.0013938286574557
122,0.4496099650859833,0.5895552039146423,0.867990255355835,0.5387206077575684,0.2903021872043609,0.0032791893463581,1.0358084440231323,0.8350224494934082,0.419093519449234,0.0006737254443578
123,0.4568530619144439,0.5831747651100159,0.8686328530311584,0.544943630695343,0.2975638210773468,0.1630046814680099,0.870177149772644,0.8428177833557129,0.6064836978912354,0.0561260841786861
124,0.4456795156002044,0.5949559807777405,0.8668433427810669,0.5391470789909363,0.2817069888114929,0.3173601031303406,0.7191575765609741,0.8584824204444885,0.620251476764679,0.1591002941131591
125,0.4562467336654663,0.5833609104156494,0.8669570684432983,0.5597732663154602,0.281486302614212,0.1373503059148788,0.8993390798568726,0.8413645625114441,0.6797754764556885,0.0431400127708911
126,0.4496239423751831,0.5905400514602661,0.8682481646537781,0.5336328148841858,0.2930778264999389,0.0880282595753669,0.947037637233734,0.8393893837928772,0.574862539768219,0.0252536758780479
127,0.464173674583435,0.576271116733551,0.8701238632202148,0.5500332713127136,0.3036260902881622,0.0117984591051936,1.0279500484466553,0.8354524970054626,0.2810183465480804,0.0026735281571745
128,0.4510358572006225,0.5889347791671753,0.8674346804618835,0.5463542342185974,0.2843333482742309,0.0107584642246365,1.028006672859192,0.8353983759880066,0.3206692636013031,0.0024050711654126
129,0.4549662172794342,0.5847569704055786,0.8679412603378296,0.5459896922111511,0.2908940315246582,0.1900455206632614,0.8462880253791809,0.8457841277122498,0.4762167632579803,0.0716331228613853
130,0.4717575013637543,0.5694599747657776,0.8703177571296692,0.5649746656417847,0.3051549196243286,0.2059158533811569,0.8255460262298584,0.8483932018280029,0.4477249383926391,0.0949822142720222
131,0.4519619941711426,0.5877265930175781,0.8661684393882751,0.5569454431533813,0.2758257687091827,0.320378690958023,0.7175757884979248,0.8626353144645691,0.6351977586746216,0.1909151822328567
132,0.4592089056968689,0.5798104405403137,0.8679468631744385,0.5545042753219604,0.2904859483242035,0.1775577664375305,0.8548872470855713,0.8443090319633484,0.5776700377464294,0.0636343583464622
133,0.4616839289665222,0.5779478549957275,0.8681468963623047,0.5586000680923462,0.2900218665599823,0.1820608228445053,0.8651673793792725,0.8463260531425476,0.5613734722137451,0.071020059287548
134,0.4646826684474945,0.5762504935264587,0.8684111833572388,0.560272216796875,0.2927450835704803,0.0419201552867889,0.9959901571273804,0.8363915085792542,0.4052999019622803,0.0098966537043452
135,0.4596900343894958,0.5816420316696167,0.8684916496276855,0.5511422157287598,0.2932380139827728,0.0411984585225582,0.9963340163230896,0.836521565914154,0.4960525929927826,0.0095844157040119
136,0.4512164890766144,0.5888220071792603,0.8681463599205017,0.5426655411720276,0.2887459993362427,0.1531186699867248,0.8802908658981323,0.8423330783843994,0.6500740051269531,0.0493624471127986
137,0.453620046377182,0.5857201814651489,0.8683114051818848,0.5392436385154724,0.2956725656986236,0.1622633039951324,0.8712148070335388,0.8429366946220398,0.5949333310127258,0.0533937960863113
138,0.4561101198196411,0.5828431248664856,0.8674615025520325,0.5531607866287231,0.2860591411590576,0.0253979936242103,1.012157320976257,0.8360833525657654,0.5278761386871338,0.0063270111568272
139,0.4629775881767273,0.5767098665237427,0.8682364225387573,0.5647157430648804,0.2866298854351043,0.0681112483143806,0.969753623008728,0.8377552628517151,0.4680201113224029,0.0179378893226385
140,0.4639078974723816,0.5755919814109802,0.8694064021110535,0.5542453527450562,0.3014168441295624,0.2473061084747314,0.7875573635101318,0.850266695022583,0.6601502895355225,0.1002320423722267
141,0.4605735242366791,0.5797695517539978,0.8694035410881042,0.5521703958511353,0.2956370711326599,0.0093136383220553,1.0293699502944946,0.8350589871406555,0.3012301623821258,0.002064341912046
142,0.4623997211456299,0.5765631794929504,0.8686044216156006,0.5574008822441101,0.2924776673316955,4.484110468183644e-05,1.0388834476470947,0.8349193930625916,0.2278678566217422,8.972373507276643e-06
143,0.4667253196239471,0.5724926590919495,0.8687126040458679,0.5687301158905029,0.2892273664474487,0.2685497105121612,0.772110641002655,0.8530042767524719,0.6129210591316223,0.1229916736483573
144,0.4644349813461303,0.5749273300170898,0.8684655427932739,0.5630184412002563,0.2926027476787567,0.042065005749464,0.9941773414611816,0.8370214104652405,0.3288687765598297,0.0116895362734794
145,0.4686794281005859,0.5699782967567444,0.8677912950515747,0.5786096453666687,0.2850116491317749,0.1144801080226898,0.9199695587158204,0.8405389785766602,0.5424708724021912,0.034732524305582
146,0.4731400609016418,0.5652373433113098,0.8700675964355469,0.5698716640472412,0.3021538257598877,0.1392752826213836,0.895400881767273,0.8414035439491272,0.4963573515415191,0.0433359183371067
147,0.4712226390838623,0.5667091012001038,0.8691800236701965,0.5643317699432373,0.2981548011302948,0.1689244955778122,0.8604738712310791,0.8433198928833008,0.519949734210968,0.0561746656894683
148,0.4632391333580017,0.5757490396499634,0.8687426447868347,0.5619083046913147,0.2893818616867065,0.0178435090929269,1.0201865434646606,0.835738480091095,0.2923619449138641,0.0044540232047438
149,0.4592283070087433,0.5794064402580261,0.870190441608429,0.5439245104789734,0.3043490052223205,0.0255977418273687,1.0118526220321655,0.8362573981285095,0.3906271457672119,0.0068506398238241
150,0.4621899127960205,0.5775524377822876,0.8695626258850098,0.5532468557357788,0.298049122095108,0.3209328353404999,0.7241907715797424,0.8696348667144775,0.535153329372406,0.2519524395465851
151,0.4670829772949219,0.571836531162262,0.8670392036437988,0.5826641917228699,0.2752731144428253,0.3502741754055023,0.6864439249038696,0.8633947968482971,0.6452884674072266,0.1881574541330337
152,0.468703955411911,0.5697535276412964,0.8703469634056091,0.5573911666870117,0.3058633804321289,0.1338206380605697,0.9067743420600892,0.8408522605895996,0.4555419683456421,0.0414568111300468
153,0.463506817817688,0.5754547715187073,0.8688604831695557,0.5611205697059631,0.2890089452266693,0.1970393508672714,0.8451390862464905,1.0,0.1650808751583099,1.0
154,0.4762386977672577,0.5644539594650269,0.8701587915420532,0.5733874440193176,0.3011278808116913,0.2446763515472412,0.7916743159294128,0.849016010761261,0.6444392800331116,0.0972064211964607
155,0.4650165438652038,0.5752842426300049,0.8694475889205933,0.558876633644104,0.2962181568145752,0.2463887482881546,0.7847012877464294,0.8497408032417297,0.5520969033241272,0.1035054549574852
156,0.4705122709274292,0.5677636861801147,0.8686826825141907,0.5710585713386536,0.2945118248462677,0.2046672105789184,0.8253554701805115,0.8460045456886292,0.6859938502311707,0.0726748630404472
157,0.4648134410381317,0.5732966661453247,0.8689302206039429,0.5601308345794678,0.2935675084590912,0.0221614111214876,1.0142526626586914,0.8357023596763611,0.4146734774112701,0.0049269273877143
158,0.4704597890377044,0.5671910047531128,0.8700570464134216,0.564506471157074,0.2999637722969055,0.004089297261089,1.0335988998413086,0.8350464701652527,0.2789145410060882,0.000849902164191
159,0.4655478894710541,0.5724830627441406,0.8697800636291504,0.5547862648963928,0.3007983863353729,0.0264780819416046,1.010019302368164,0.8360498547554016,0.463540107011795,0.0060926657170057
160,0.4686075448989868,0.569277822971344,0.8685438632965088,0.5710384249687195,0.2900730669498443,0.0003923432959709,1.0384694337844849,0.8349349498748779,0.2601175308227539,7.876504241721705e-05
161,0.4746184349060058,0.564396321773529,0.8698697090148926,0.5708001255989075,0.3017856478691101,0.2730720341205597,0.7729946970939636,0.8566625714302063,0.5434406995773315,0.1526484489440918
162,0.4716602861881256,0.5664684772491455,0.8704047203063965,0.560310423374176,0.3079083263874054,0.0469928719103336,0.9892473816871644,0.8375782370567322,0.4587403535842895,0.0137785533443093
163,0.4642700254917145,0.5749030709266663,0.8699586987495422,0.5507455468177795,0.3048379421234131,0.1319662928581237,0.9002867341041565,0.841824471950531,0.7191616892814636,0.0415005646646022
164,0.4622309505939483,0.5765491724014282,0.8691184520721436,0.5517932176589966,0.2980724275112152,0.2917037904262543,0.7559720873832703,0.8599810600280762,0.4548892676830292,0.1840344667434692
165,0.4633579850196838,0.5752618908882141,0.8673874735832214,0.5694516897201538,0.282935619354248,0.1690639853477478,0.86756831407547,0.844191312789917,0.3900745213031769,0.0645381584763526
166,0.469689130783081,0.5689728260040283,0.8698364496231079,0.5637009739875793,0.2999175488948822,0.2748640477657318,0.7723684310913086,0.8564996719360352,0.4864763915538788,0.1512726992368698
167,0.4721855819225311,0.5657456517219543,0.8710415959358215,0.5590727925300598,0.3073096573352813,0.3177680373191833,0.7260900139808655,0.8653324246406555,0.5334416031837463,0.2255083471536636
168,0.4764381349086761,0.5624621510505676,0.8691889047622681,0.5817689299583435,0.2934085428714752,1.976201701836544e-06,1.0396193265914917,0.8349192142486572,0.2952839434146881,3.952463600853662e-07
169,0.4772893190383911,0.5609604716300964,0.8713003396987915,0.564331591129303,0.3128146529197693,0.015616632066667,1.0204167366027832,0.8356597423553467,0.3516962230205536,0.0037090906407684
170,0.4648006856441498,0.5722611546516418,0.869382917881012,0.5581874847412109,0.295381635427475,0.2484506964683532,0.7906952500343323,0.8501040935516357,0.5648987889289856,0.0996608808636665
171,0.4859371185302734,0.5519701838493347,0.8701696395874023,0.5920472145080566,0.3005571365356445,0.3901971876621246,0.6504702568054199,0.8724445700645447,0.5941773056983948,0.2649736404418945
172,0.4725978970527649,0.5653976202011108,0.8693326711654663,0.5723435878753662,0.2948980927467346,0.0189494956284761,1.0177983045578003,0.8356718420982361,0.4474694430828094,0.0044630584307014
173,0.4851793050765991,0.552861750125885,0.8706575036048889,0.5874971747398376,0.3031076788902282,4.063575488544302e-06,1.03787362575531,0.8349192142486572,0.2116565108299255,8.127317983053217e-07
174,0.4689784049987793,0.5689648985862732,0.8686491250991821,0.5678221583366394,0.2933386266231537,0.1473557204008102,0.8942373991012573,0.8393354415893555,0.1953504830598831,0.0937418937683105
175,0.4629598259925842,0.5765755772590637,0.8694342374801636,0.5534359216690063,0.2967886626720428,0.2976182997226715,0.7462937831878662,0.8575353026390076,0.623762309551239,0.1532084792852401
176,0.4713813364505768,0.567747950553894,0.8696104288101196,0.56819748878479,0.2978281378746032,0.1037951707839965,0.9294443726539612,0.8406530022621155,0.6328388452529907,0.0341728329658508
177,0.487180233001709,0.5514984130859375,0.8705195784568787,0.5970994830131531,0.297866553068161,0.0296753775328397,1.007102370262146,0.8365139961242676,0.4529914855957031,0.0082239164039492
178,0.479066401720047,0.559309184551239,0.8684632182121277,0.5889073014259338,0.2899191081523895,0.1513377875089645,0.8782246708869934,0.8427695631980896,0.5313854813575745,0.056585106998682
179,0.474803477525711,0.5632666349411011,0.8694018125534058,0.578891932964325,0.2940078377723694,0.0297995153814554,1.0060124397277832,0.8362676501274109,0.3480197489261627,0.0074903252534568
180,0.4818775653839111,0.5555539727210999,0.8717073798179626,0.5769405364990234,0.3083179891109466,0.3226056098937988,0.7152466177940369,0.8613027930259705,0.6168479323387146,0.1800405234098434
181,0.4780981242656708,0.5587257146835327,0.8685539364814758,0.5864033102989197,0.2912346124649048,0.0192044246941804,1.0166935920715332,0.8357219099998474,0.5086336135864258,0.0045001641847193
182,0.4750691950321197,0.5625723004341125,0.8697500228881836,0.5786587595939636,0.2937136590480804,0.0133004561066627,1.0233232975006104,0.8355269432067871,0.2954155802726745,0.003088034922257
183,0.479187935590744,0.5582425594329834,0.8691486120223999,0.5932921171188354,0.288222998380661,0.0321576036512851,1.0030014514923096,0.8367065787315369,0.4728077948093414,0.0094563886523246
184,0.4699412882328033,0.5676000118255615,0.8691880702972412,0.572612464427948,0.2914766669273376,0.3789174556732178,0.6581611037254333,0.8627542853355408,0.688546359539032,0.1827486604452133
185,0.4836563766002655,0.5534660220146179,0.8700560927391052,0.5934283137321472,0.2953626811504364,0.0351609773933887,0.999772012233734,0.8364723324775696,0.3732932507991791,0.00868187751621
186,0.4858802855014801,0.5513654947280884,0.869988739490509,0.5907925367355347,0.3009868264198303,0.1400552242994308,0.8900895714759827,0.8420507311820984,0.6879057884216309,0.043072510510683
187,0.472878485918045,0.5658907294273376,0.870295524597168,0.5671351552009583,0.3050481081008911,0.0276780966669321,1.0088993310928345,0.8362912535667419,0.4999888241291046,0.0073387534357607
188,0.4803090691566467,0.5572973489761353,0.8699805736541748,0.5797896385192871,0.3026676476001739,0.0297897402197122,1.0055978298187256,0.8359581828117371,0.450210690498352,0.0064579583704471
189,0.4774195551872253,0.5610288977622986,0.870954692363739,0.5730558633804321,0.3060768842697143,0.1290570795536041,0.9030360579490662,0.8408600687980652,0.4232515394687652,0.0399262122809886
190,0.4844912886619568,0.5542821884155273,0.8712701797485352,0.5812666416168213,0.3094707131385803,0.3226009011268616,0.7161378264427185,0.8614404201507568,0.5293647646903992,0.1936407685279846
191,0.4782589972019195,0.5594078302383423,0.870308518409729,0.5766460299491882,0.3004584312438965,0.0219027176499366,1.0152124166488647,0.8360239863395691,0.3060541152954101,0.0057328972034156
192,0.4819838404655456,0.5560001730918884,0.870013415813446,0.5823048949241638,0.3012995719909668,0.3029340505599975,0.7415302991867065,0.860417902469635,0.456701397895813,0.181232139468193
193,0.4852842092514038,0.5521174669265747,0.8713756799697876,0.5855161547660828,0.306458830833435,0.0923927351832389,0.9422200322151184,0.8386433124542236,0.4907496273517608,0.0253722053021192
194,0.4856521189212799,0.5515372157096863,0.8705851435661316,0.5893644094467163,0.3011134266853332,0.0980956330895423,0.932944655418396,0.8403018116950989,0.5154478549957275,0.0304070711135864
195,0.4869805574417114,0.5499592423439026,0.8709288835525513,0.587786078453064,0.3072849810123443,0.1981983631849289,0.8395119309425354,0.8521944880485535,0.1665735691785812,0.945933997631073
196,0.4742908477783203,0.5645393133163452,0.8686463832855225,0.5777291655540466,0.2919797599315643,0.2435486316680908,0.79659503698349,0.8514080047607422,0.5832248330116272,0.1084183827042579
197,0.4785274565219879,0.5591707229614258,0.8694601655006409,0.5826759338378906,0.2943155169486999,0.204960748553276,0.8393024802207947,0.848911702632904,0.5327680706977844,0.0900252684950828
198,0.4640713930130005,0.5730546712875366,0.8685852885246277,0.5639104247093201,0.290558397769928,0.1211503148078918,0.9101166725158693,0.841851532459259,0.5992823243141174,0.0394466929137706
199,0.4741966724395752,0.5628640055656433,0.8705225586891174,0.5681708455085754,0.3052704036235809,0.0893011465668678,0.9488300085067748,0.8386672139167786,0.4686455726623535,0.0244810748845338
200,0.4757830500602722,0.5614937543869019,0.8703959584236145,0.5739955902099609,0.3004246950149536,0.1311813443899154,0.9014650583267212,0.8418712019920349,0.5562337636947632,0.0448969341814518
201,0.4785490930080414,0.5582386255264282,0.8709409236907959,0.5723218321800232,0.3069939315319061,0.1706604957580566,0.8603401184082031,0.8432872295379639,0.589396059513092,0.0534927546977996
202,0.4914063513278961,0.5458188056945801,0.8702867031097412,0.6060054302215576,0.2955222129821777,0.0377243794500827,0.9970502853393556,0.8363577723503113,0.4566527903079986,0.0093302195891737
203,0.4733296036720276,0.5645725131034851,0.8686395287513733,0.578498899936676,0.2925222516059875,0.084852285683155,0.948759913444519,0.839007556438446,0.4780766665935516,0.0234483461827039
204,0.4881646335124969,0.5496951937675476,0.8715882301330566,0.5863997340202332,0.309587150812149,0.0123872784897685,1.024141788482666,0.8354862332344055,0.2479904443025589,0.0028236869256943
205,0.4827134311199188,0.5539865493774414,0.870913565158844,0.5830062031745911,0.3032048046588897,0.0165932700037956,1.0186715126037598,0.8357070088386536,0.3418401479721069,0.0039414423517882
206,0.5034305453300476,0.5325772762298584,0.8720793128013611,0.6134588718414307,0.3114856779575348,0.0708026364445686,0.9609354138374328,0.8390524387359619,0.5372447967529297,0.0229220986366271
207,0.4919124543666839,0.5436654090881348,0.8706598281860352,0.6014688611030579,0.302959680557251,0.0474727153778076,0.985203504562378,0.8378708362579346,0.4597298800945282,0.0147540057078003
208,0.4826992154121399,0.5525609850883484,0.8710224628448486,0.5837152004241943,0.3027110397815704,0.0382066704332828,0.994644284248352,0.8369905352592468,0.4227057993412018,0.010561965405941
209,0.4994531869888305,0.5355210304260254,0.8736448287963867,0.5929961800575256,0.3254138529300689,0.0407895110547542,0.991713285446167,0.8371882438659668,0.3802134096622467,0.0116788633167743
210,0.5054603815078735,0.5293007493019104,0.8732296228408813,0.6093140244483948,0.3172765374183655,0.0176105480641126,1.0160374641418457,0.8357622027397156,0.2516201436519623,0.0043701352551579
211,0.4972771108150482,0.5373700857162476,0.8705202341079712,0.6137380599975586,0.2994578778743744,0.111894778907299,0.9162396788597108,0.8416585326194763,0.5272480845451355,0.037472266703844
212,0.4968365728855133,0.5376011729240417,0.8703047633171082,0.610131025314331,0.3006869852542877,0.0517768822610378,0.9795969128608704,0.8379990458488464,0.4722718894481659,0.0166145898401737
213,0.5007143020629883,0.5336215496063232,0.8706288933753967,0.6199046969413757,0.2998353242874145,0.1641043722629547,0.8631106019020081,0.8442859053611755,0.586724579334259,0.0558673478662967
214,0.5059394240379333,0.5282729864120483,0.8721632957458496,0.6161852478981018,0.3095988631248474,0.0141917346045374,1.019079566001892,0.8355622887611389,0.2744343280792236,0.0033545556943863
215,0.4930494129657745,0.5409409403800964,0.8712645173072815,0.5965890884399414,0.3094773292541504,0.119889847934246,0.907136857509613,0.8413393497467041,0.5516767501831055,0.0370998866856098
216,0.5159702897071838,0.5181058645248413,0.8726979494094849,0.6332699060440063,0.3135595023632049,0.1106796935200691,0.91712886095047,0.8418563008308411,0.5904805064201355,0.0381251461803913
217,0.4956306517124176,0.5385683178901672,0.8711983561515808,0.6018036007881165,0.3071009814739227,0.0544973649084568,0.976411759853363,0.8381784558296204,0.473788857460022,0.0175150353461503
218,0.5019193887710571,0.5320261120796204,0.8720676898956299,0.6132082939147949,0.3066622316837311,0.0565013326704502,0.9740358591079712,0.8387749791145325,0.4179529845714569,0.0201608296483755
219,0.4998663365840912,0.5338289141654968,0.8711178302764893,0.612726092338562,0.3037987351417541,0.0460526831448078,0.9848792552947998,0.8381021022796631,0.4226554930210113,0.0163588635623455
220,0.506666362285614,0.526844322681427,0.8715850710868835,0.625375509262085,0.3054035305976867,0.1347856670618057,0.8910962343215942,0.8431882262229919,0.5997737646102905,0.0474668592214584
221,0.4978938996791839,0.5358812212944031,0.8722143173217773,0.6044116616249084,0.3101943433284759,0.0146282128989696,1.0184810161590576,0.8355722427368164,0.2512723207473755,0.003455568337813
222,0.5001180768013,0.5337258577346802,0.8707024455070496,0.6174378395080566,0.3006365001201629,0.0469967126846313,0.9839394092559814,0.8378114104270935,0.4518443644046783,0.0154639668762683
223,0.4894541203975677,0.5441772937774658,0.8716384172439575,0.5893519520759583,0.3098277449607849,0.1015540584921836,0.9263288974761964,0.8414216041564941,0.5467151999473572,0.0357183180749416
224,0.5107808113098145,0.5227962136268616,0.87241530418396,0.6236487030982971,0.3116602599620819,0.1359035521745681,0.8897436857223511,0.843311607837677,0.5682350993156433,0.047882679849863
225,0.4934979677200317,0.5399277806282043,0.8712319135665894,0.6009997129440308,0.3054243326187134,0.0992460623383522,0.9284657835960388,0.8417168259620667,0.6466514468193054,0.0357989333570003
226,0.5018587112426758,0.531669020652771,0.8726221323013306,0.6052983999252319,0.3149555027484894,0.0245700199156999,1.007894515991211,0.8361195921897888,0.3763827085494995,0.0061797327362
227,0.501289427280426,0.5324834585189819,0.8749701976776123,0.588453471660614,0.333864688873291,0.1471470892429351,0.8827000856399536,0.8436062932014465,0.6562354564666748,0.0501781739294528
228,0.5005396604537964,0.533170223236084,0.8730393648147583,0.5991477370262146,0.3189549148082733,0.1419657766819,0.8860852122306824,0.8429571986198425,0.5835607647895813,0.046307947486639
229,0.5071224570274353,0.5267863869667053,0.8723109364509583,0.6182031631469727,0.3137032091617584,0.0442438013851642,0.9868382811546326,0.8376588821411133,0.4172122478485107,0.0144190974533557
230,0.5034648776054382,0.5300009846687317,0.8731018900871277,0.605889081954956,0.3175676167011261,0.060013398528099,0.9698394536972046,0.8394877314567566,0.4811768531799316,0.0224142502993345
231,0.5076885223388672,0.5256592631340027,0.8718259930610657,0.6249467134475708,0.3073423206806183,0.0913821756839752,0.9366059303283693,0.8401880860328674,0.5440741181373596,0.0295239370316267
232,0.5065573453903198,0.5265142321586609,0.8736209273338318,0.6105767488479614,0.3180183470249176,0.0180931724607944,1.0138230323791504,0.8357903957366943,0.262563407421112,0.00451774103567
233,0.5020766854286194,0.5308060646057129,0.8715060949325562,0.6156629323959351,0.3059240281581878,0.0359886474907398,0.9947515726089478,0.8369932174682617,0.410336822271347,0.0105622494593262
234,0.5172114968299866,0.5155985951423645,0.8730230331420898,0.634160041809082,0.3145368695259094,0.0819566771388053,0.9460647702217102,0.8404769897460938,0.4603043794631958,0.0288773626089096
235,0.4961453676223755,0.5365095734596252,0.8725807666778564,0.5955459475517273,0.3168142437934875,0.0696919187903404,0.958918273448944,0.8397524356842041,0.4646323919296264,0.0246291235089302
236,0.5022842884063721,0.5303411483764648,0.8716568946838379,0.6154777407646179,0.3056902289390564,0.0388429351150989,0.9915265440940856,0.8368637561798096,0.4076075553894043,0.01052460167557
237,0.5051844120025635,0.527454674243927,0.8718305230140686,0.614857017993927,0.3105218112468719,0.0217926055192947,1.0094956159591677,0.8360331654548645,0.2992233335971832,0.0057195932604372
238,0.5029556155204773,0.5295327305793762,0.8718381524085999,0.6144970655441284,0.3077545464038849,0.045719426125288,0.984086811542511,0.8376438021659851,0.3971546590328216,0.01406707521528
239,0.5065193176269531,0.5259580612182617,0.8726552128791809,0.6144492030143738,0.3151566982269287,0.0574651770293712,0.9716989398002625,0.838309109210968,0.4449834823608398,0.0174229461699724
240,0.5025758743286133,0.529804527759552,0.8713019490242004,0.6171261668205261,0.3038505911827087,0.0265800971537828,1.004217505455017,0.8361974358558655,0.3512544333934784,0.0067193191498517
241,0.5016749501228333,0.5306967496871948,0.8734349608421326,0.5983104705810547,0.3220843374729156,0.147126242518425,0.8769516348838806,0.8436192870140076,0.5970006585121155,0.0501313507556915
242,0.5078815221786499,0.5245183706283569,0.8738816380500793,0.611292839050293,0.3213132619857788,0.0595352910459041,0.9694997668266296,0.8392556309700012,0.4143055975437164,0.0220299493521451
243,0.5047780871391296,0.5277680158615112,0.8706390261650085,0.625420868396759,0.300906091928482,0.0415685437619686,0.9886263012886048,0.838000476360321,0.3621654808521271,0.0157605204731225
244,0.5018270015716553,0.530599057674408,0.8715794086456299,0.6129347085952759,0.3061312735080719,0.046611338853836,0.9830049872398376,0.838087260723114,0.3603189885616302,0.0159089248627424
245,0.505359411239624,0.526858389377594,0.8723450899124146,0.6152506470680237,0.3115573227405548,0.1402735263109207,0.8855430483818054,0.84385085105896,0.579784095287323,0.0522481761872768
246,0.5090901255607605,0.5230130553245544,0.8727158904075623,0.6203925609588623,0.3122106194496155,0.1682832390069961,0.8546895980834961,0.8451828360557556,0.5981937050819397,0.0601343996822834
247,0.5022055506706238,0.5298826098442078,0.8715130686759949,0.6141470670700073,0.3072865307331085,0.125987097620964,0.8987771272659302,0.8423738479614258,0.5508245825767517,0.0426442474126815
248,0.5074423551559448,0.5246397852897644,0.872851550579071,0.6168133616447449,0.316898763179779,0.0253588780760765,1.0053603649139404,0.8362254500389099,0.3945614397525787,0.0067183417268097
249,0.4904789924621582,0.5416774749755859,0.8727987408638,0.5871309638023376,0.3130041658878326,0.0151037322357296,1.016122817993164,0.8356104493141174,0.3032304346561432,0.0036503102164715
250,0.4969936907291412,0.5351342558860779,0.8735970854759216,0.5889294147491455,0.3243135213851928,0.0795703083276748,0.9478890299797058,0.8407332897186279,0.6083065867424011,0.0293332990258932
251,0.5143764615058899,0.5176048874855042,0.8734497427940369,0.6253079175949097,0.3182288110256195,0.0318152122199535,0.9983643293380736,0.8368322849273682,0.2952118813991546,0.0095794666558504
252,0.5032966136932373,0.5287597179412842,0.8718047142028809,0.6134625673294067,0.3080432713031769,0.0959373041987419,0.9365274906158448,0.8407403826713562,0.5472378134727478,0.0324201807379722
